{
    "loss": 30.33002281188965,
    "accuracy": 0.5686274766921997
}