{
    "loss": 0.9968023896217346,
    "accuracy": 0.843137264251709
}