{
    "loss": 0.20234359800815582,
    "accuracy": 0.9313725233078003
}